<?xml version="1.0" encoding="UTF-8"?>
<GenRun Id="synth_1" LaunchPart="xc7a100tcsg324-1" LaunchTime="1711549702">
  <File Type="PA-TCL" Name="ES_DCMotor_Main.tcl"/>
  <File Type="RDS-PROPCONSTRS" Name="ES_DCMotor_Main_drc_synth.rpt"/>
  <File Type="REPORTS-TCL" Name="ES_DCMotor_Main_reports.tcl"/>
  <File Type="RDS-RDS" Name="ES_DCMotor_Main.vds"/>
  <File Type="RDS-UTIL" Name="ES_DCMotor_Main_utilization_synth.rpt"/>
  <File Type="RDS-UTIL-PB" Name="ES_DCMotor_Main_utilization_synth.pb"/>
  <File Type="RDS-DCP" Name="ES_DCMotor_Main.dcp"/>
  <File Type="VDS-TIMINGSUMMARY" Name="ES_DCMotor_Main_timing_summary_synth.rpt"/>
  <File Type="VDS-TIMING-PB" Name="ES_DCMotor_Main_timing_summary_synth.pb"/>
  <FileSet Name="sources" Type="DesignSrcs" RelSrcDir="$PSRCDIR/sources_1" RelGenDir="$PGENDIR/sources_1">
    <Filter Type="Srcs"/>
    <File Path="$PSRCDIR/sources_1/new/ES_DCMotor_Main.vhd">
      <FileInfo>
        <Attr Name="UsedIn" Val="synthesis"/>
        <Attr Name="UsedIn" Val="simulation"/>
      </FileInfo>
    </File>
    <Config>
      <Option Name="DesignMode" Val="RTL"/>
      <Option Name="TopModule" Val="ES_DCMotor_Main"/>
      <Option Name="TopAutoSet" Val="TRUE"/>
    </Config>
  </FileSet>
  <FileSet Name="constrs_in" Type="Constrs" RelSrcDir="$PSRCDIR/constrs_1">
    <Filter Type="Constrs"/>
    <File Path="$PSRCDIR/constrs_1/new/ES_Nexys4_Constrains.xdc">
      <FileInfo>
        <Attr Name="UsedIn" Val="synthesis"/>
        <Attr Name="UsedIn" Val="implementation"/>
      </FileInfo>
    </File>
    <Config>
      <Option Name="ConstrsType" Val="XDC"/>
    </Config>
  </FileSet>
  <FileSet Name="utils" Type="Utils" RelSrcDir="$PSRCDIR/utils_1">
    <Filter Type="Utils"/>
    <Config>
      <Option Name="TopAutoSet" Val="TRUE"/>
    </Config>
  </FileSet>
  <Strategy Version="1" Minor="2">
    <StratHandle Name="Vivado Synthesis Defaults" Flow="Vivado Synthesis 2020"/>
    <Step Id="synth_design"/>
  </Strategy>
</GenRun>
